"subset_id","avg_nrms_across_esms","avg_closest_L2"
"subset1",0.657288662537708,7.03558387118181
"subset2",0.76772271841326,6.35530153654791
